window,representative,sources,n_sources,n_titles,avg_similarity,coord_score,all_titles,detected_at
2026-04-03 18:00:00+00:00,"La Justicia italiana ve ""ilegales"" los aumentos de precio de Netflix y obliga a la plataforma a reembolsar a los clientes","eldiario, elpais, google_news_es, levante_emv",4,4,0.793,79,"La Justicia italiana ve ""ilegales"" los aumentos de precio de Netflix y obliga a reembolsar | La Justicia italiana ve ""ilegales"" los aumentos de precio de Netflix y obliga a la plataforma a reembolsar a los clientes | La Justicia italiana ve ""ilegales"" los aumentos de precio de Netflix y obliga a la plataforma a reembolsar a los clientes - elDiario.es | La justicia italiana declara ilegales los aumentos de precio de Netflix y obliga a reembolsar a los clientes",2026-04-06 11:37
2026-04-05 14:00:00+00:00,Trump admite haber enviado armas a los manifestantes iraníes durante las protestas de principios de año,"20minutos, europapress, google_news_es, google_news_internacional",4,4,0.797,79,Trump admite haber enviado armas a los manifestantes iraníes durante las protestas de principios de año | Trump admite haber enviado armas a los manifestantes iraníes durante las protestas de principios de año - 20Minutos | Trump admite que envió armas a los manifestantes iraníes durante las protestas de principios de año - Europa Press | Trump admite que envió armas a los manifestantes iraníes durante las protestas de principios de año,2026-04-06 11:37
2026-04-04 08:00:00+00:00,"Feijóo llamó a Abascal para cerrar pactos tras las elecciones de Castilla y León: ""No podemos defraudar a la gente""","elespanol, elmundo_espana, google_news_es, google_news_politica, levante_emv",5,8,0.604,75,"Feijóo llamó a Abascal para cerrar pactos tras las elecciones de Castilla y León: ""No podemos defraudar a la gente"" | Feijóo llamó a Abascal para cerrar pactos tras las elecciones de Castilla y León: ""No podemos defraudar a la gente"" - El Español | Feijóo llamó a Abascal para instarle a cerrar los pactos tras las elecciones de CyL: ""No podemos defraudar a la gente"" | Feijóo revela una conversación con Abascal tras las elecciones de Castilla y León: ""No podemos defraudar a la gente"" | Feijóo habló con Abascal tras las elecciones de Castilla y León: ""No podemos defraudar a la gente""",2026-04-06 11:37
2026-04-05 16:00:00+00:00,"Al menos siete heridos, entre ellos un menor, tras el derrumbe de un techo en un hotel de Benidorm","20minutos, elespanol, lavanguardia, levante_emv, okdiario",5,5,0.579,72,"Siete heridos en Benidorm tras el derrumbe del techo de un hotel | Al menos siete heridos, entre ellos un menor, tras el derrumbe de un techo en un hotel de Benidorm | Siete heridos al desprenderse el techo de un hotel en Benidorm | Siete heridos, entre ellos un menor, tras el derrumbe parcial del techo de un hotel en Benidorm | El derrumbe del techo de un hotel de Benidorm causa siete heridos, entre ellos un niño de 8 años",2026-04-06 11:37
2026-04-06 10:00:00+00:00,Detenido un hombre en Vizcaya tras apuñalar a su pareja delante de sus hijos,"elmundo, heraldo_aragon, huffington_es, lavanguardia, levante_emv",5,5,0.574,71,"Detenido un hombre en Vizcaya tras apuñalar a su pareja delante de sus hijos | Detenido un hombre en Berriz (Bizkaia) tras apuñalar a su pareja delante de sus hijos | Detenido en Berriz (Vizcaya) tras apuñalar a su pareja, herida de gravedad | Un hombre detenido en Berriz (Vizcaya) tras apuñalar a su pareja | Detienen a un hombre en Berriz (Bizkaia) tras apuñalar de gravedad a su pareja delante de sus hijos",2026-04-06 11:37
2026-04-04 06:00:00+00:00,EEUU busca a su piloto abatido tras las líneas enemigas de Irán,"elmundo, elmundo_internacional, google_news_internacional",3,3,0.945,70,EEUU busca a su piloto abatido tras las líneas enemigas de Irán | EEUU busca a su piloto abatido tras las líneas enemigas de Irán - El Mundo | EEUU busca a su piloto abatido tras las líneas enemigas,2026-04-06 11:37
2026-04-03 18:00:00+00:00,El Papa León XIV  denuncia la violencia y la tiranía del poder en su primera Semana Santa,"elpais, elpais_internacional, google_news_internacional",3,4,0.919,68,El Papa León XIV  denuncia la violencia y la tiranía del poder en su primera Semana Santa | El Papa León XIV denuncia la violencia y la tiranía del poder en su primera Semana Santa - EL PAÍS | El Papa León XIV denuncia la violencia y la tiranía del poder en su primera Semana Santa | El Papa León XIV denuncia la violencia y la tiranía del poder en su primera Semana Santa - elpais.com,2026-04-06 11:37
2026-04-04 14:00:00+00:00,"Trump recuerda a Irán que tiene 48 horas para cerrar un acuerdo o ""desatará el infierno""","google_news_es, google_news_internacional, levante_emv",3,3,0.918,68,"Trump recuerda a Irán que tiene 48 horas para cerrar un acuerdo o «desatará el infierno» - EFE Noticias | Trump recuerda a Irán que tiene 48 horas para cerrar un acuerdo o ""desatará el infierno"" | Trump recuerda a Irán que tiene 48 horas para cerrar un acuerdo o ""desatará el infierno"" - Diari de Tarragona",2026-04-06 11:37
2026-04-04 10:00:00+00:00,"Detienen al líder mafioso Roberto Mazzarella, uno de los fugitivos más peligrosos de Italia - El Debate","elmundo, google_news_internacional, heraldo_aragon, levante_emv",4,4,0.68,67,"Detenido el capo mafioso Roberto Mazzarella, uno de los fugitivos más peligrosos de Italia | Detienen al líder mafioso Roberto Mazzarella, uno de los fugitivos más peligrosos de Italia - El Debate | Detenido el jefe de la Camorra napolitana, Roberto Mazzarella, uno de los fugitivos más peligrosos de Italia | Detienen al capo de la mafia Roberto Mazzarella, uno de los fugitivos más peligrosos de Italia, en una villa de lujo de la costa amalfitana",2026-04-06 11:37
2026-04-05 10:00:00+00:00,Esteban apela ya a las urnas: «Nos jugamos si seguimos haciendo país o dejamos que otros lo deshagan» - El Correo,"elcorreo, google_news_es, sur",3,4,0.888,66,El PNV apela ya a las urnas en Euskadi: «Nos jugamos si seguimos haciendo país o dejamos que otros lo deshagan» | Esteban apela ya a las urnas: «Nos jugamos si seguimos haciendo país o dejamos que otros lo deshagan» | Esteban apela ya a las urnas: «Nos jugamos si seguimos haciendo país o dejamos que otros lo deshagan» - El Correo | Esteban apela ya a las urnas: «Nos jugamos si seguimos haciendo país o dejamos que otros lo deshagan - El Correo,2026-04-06 11:37
2026-04-05 20:00:00+00:00,La NASA publica la primera foto de la cara oculta de la Luna tomada por la misión Artemis II,"google_news_es, heraldo_aragon, okdiario",3,3,0.845,63,La NASA publica la primera foto de la cara oculta de la Luna tomada por la misión Artemis II | La NASA publica la primera foto de la cara oculta de la Luna tomada por la misión Artemis II - Vozpópuli | Publican la primera foto de la cara oculta de la Luna tomada por la misión Artemis II,2026-04-06 11:37
2026-04-04 06:00:00+00:00,Irán asegura que el estrecho de Ormuz jamás volverá a ser un paso de libre navegación,"20minutos, google_news_es, google_news_internacional",3,3,0.827,62,"Irán asegura que el estrecho de Ormuz jamás volverá a ser un paso de libre navegación | Irán asegura que el estrecho de Ormuz jamás volverá a ser un paso de libre navegación - 20Minutos | Irán asegura que nada volverá a ser ""como antes"" en el estrecho de Ormuz: jamás volverá a ser un paso de libre navegación - El Economista",2026-04-06 11:37
2026-04-06 08:00:00+00:00,Detenido en Seseña (Toledo) un año después de fugarse tras apuñalar a su expareja con un destornillador,"elconfidencial, elcorreo, elespanol, lavanguardia",4,4,0.618,61,Detenido en Toledo después de fugarse tras apuñalar a su expareja con un destornillador | Detenido en Seseña tras un año fugado por apuñalar a su expareja con un destornillador | Detenido en Seseña (Toledo) un año después de fugarse tras apuñalar a su expareja con un destornillador | Detenido el hombre que se ocultó un año en Toledo tras apuñalar con un destornillador a su expareja,2026-04-06 11:37
2026-04-05 08:00:00+00:00,Muere el periodista Diego Carcedo a los 86 años,"elespanol, europapress, google_news_es, levante_emv",4,5,0.597,59,"Muere a los 86 años el periodista Diego Carcedo, exdirector de RNE y de informativos de TVE | Muere a los 86 años el periodista Diego Carcedo, exdirector de los Servicios Informativos de TVE y de RNE | Muere en Madrid a los 86 años el periodista Diego Carcedo - EL PAÍS | Muere el periodista Diego Carcedo a los 86 años - elDiario.es | Muere el periodista Diego Carcedo a los 86 años",2026-04-06 11:37
2026-04-04 14:00:00+00:00,Trump da 48 horas a Irán para firmar un acuerdo o amenaza con “desatar el infierno”,"elcorreo, google_news_internacional, lavanguardia",3,3,0.775,58,Sigue en directo la última hora de la guerra en Oriente Medio | Trump da 48 horas a Irán para firmar un acuerdo o amenaza con «desatar el infierno» | Trump da 48 horas a Irán para firmar un acuerdo o amenaza con “desatar el infierno” - La Vanguardia | Trump da 48 horas a Irán para firmar un acuerdo o amenaza con “desatar el infierno”,2026-04-06 11:37
2026-04-04 18:00:00+00:00,"Atlético de Madrid – FC Barcelona, en directo, el partido de la Liga, en vivo","elespanol, elpais, google_news_es, levante_emv",4,5,0.575,57,"Atlético de Madrid – FC Barcelona, en directo, el partido de la Liga, en vivo - EL PAÍS | LaLiga: Atlético de Madrid - FC Barcelona, en directo | Atlético de Madrid - FC Barcelona, fútbol hoy en directo: resultado, goleadores y estadísticas en vivo del partido de La Liga | Atlético de Madrid – FC Barcelona, en directo, el partido de la Liga, en vivo | Atlético de Madrid – FC Barcelona, en directo, el partido de la Liga, en vivo | Fútbol | Deportes - EL PAÍS",2026-04-06 11:37
2026-04-04 06:00:00+00:00,"España, Alemania, Italia, Austria y Portugal piden a Bruselas un impuesto a los beneficios de las energéticas","elpais, google_news_economia, google_news_es",3,4,0.762,57,"España, Alemania, Italia, Portugal y Austria piden a la UE un impuesto a los beneficios extraordinarios de las energéticas - RTVE.es | España, Alemania, Italia, Austria y Portugal piden a Bruselas un impuesto a los beneficios de las energéticas - EL PAÍS | España, Alemania, Italia, Austria y Portugal piden a Bruselas un impuesto a los beneficios de las energéticas | España, Alemania, Italia, Austria y Portugal piden a Bruselas un impuesto a los beneficios de las energéticas - elpais.com",2026-04-06 11:37
2026-04-04 20:00:00+00:00,"Irán desdeña el ""inútil"" ultimátum de EEUU y advierte de ataques ""sin restricciones"" si Trump cumple sus amenazas","europapress, google_news_es, google_news_internacional",3,3,0.746,55,"Irán desdeña el ""inútil"" y ""estúpido"" ultimátum de EEUU y advierte de ataques ""sin restricciones"" si Trump - La Razón | Irán desdeña el ""inútil"" ultimátum de EEUU y advierte de ataques ""sin restricciones"" si Trump cumple sus amenazas - Europa Press | Irán desdeña el ""inútil"" ultimátum de EEUU y advierte de ataques ""sin restricciones"" si Trump cumple sus amenazas",2026-04-06 11:37
2026-04-05 10:00:00+00:00,"El Papa León XIV en su primer Domingo de Pascua: ""¡Quienes tienen el poder de desatar las guerras elijan la paz!""","elcorreo, elmundo, google_news_internacional",3,3,0.741,55,"El grito del Papa en su mensaje pascual: «¡Que quienes tienen el poder de desatar guerras, elijan la paz!» | El Papa León XIV en su primer Domingo de Pascua: ""¡Quienes tienen el poder de desatar las guerras elijan la paz!"" | El Papa León XIV en su primer Domingo de Pascua: ""¡Quienes tienen el poder de desatar las guerras elijan la paz!"" - El Mundo",2026-04-06 11:37
2026-04-04 08:00:00+00:00,"España, Alemania, Italia, Austria y Portugal piden a la Comisión Europea un impuesto a los beneficios de las energéticas","el_confidencial_economia, elcorreo, elmundo, google_news_economia",4,15,0.555,55,"España, Alemania, Italia, Portugal y Austria piden a la Comisión Europea un impuesto a energéticas por la guerra en Irán - Vozpópuli | España, Alemania, Italia, Austria y Portugal piden a la Comisión Europea un impuesto sobre las empresas energéticas - Artículo 14 | España, Alemania, Italia, Austria y Portugal piden a la Comisión Europea un impuesto a energéticas por la guerra en Irán - Europa Press | España, Alemania, Italia, Austria y Portugal piden a la Comisión Europea un impuesto a energéticas por la guerra en Irán - europapress.es | España, Alemania, Italia, Austria y Portugal piden a la Comisión Europea un impuesto a los beneficios de las energéticas",2026-04-06 11:37
2026-04-03 20:00:00+00:00,Muere el extorero Ricardo Ortiz embestido por un toro en corrales de la plaza La Malagueta,"elconfidencial, elpais, google_news_es",3,5,0.739,55,"Muere el extorero Ricardo Ortiz, de 51 años, embestido por un toro en los corrales de la plaza de La Malagueta - La Voz de Galicia | Muere el extorero Ricardo Ortiz embestido por un toro en corrales de la plaza La Malagueta | Muere el torero retirado Ricardo Ortiz embestido por un toro en los corrales de la plaza de La Malagueta | Muere el extorero Ricardo Ortiz embestido por un toro en corrales de la plaza La Malagueta - EL PAÍS | Muere el extorero Ricardo Ortiz embestido por un toro en los corrales de la plaza La Malagueta",2026-04-06 11:37
2026-04-04 08:00:00+00:00,Investigan la muerte de un hombre en un incendio en una vivienda en Valladolid,"elmundo, heraldo_aragon, levante_emv",3,3,0.724,54,"Investigan la muerte de un hombre en un incendio en una vivienda en Valladolid | Investigan la muerte de un hombre en un incendio en una vivienda en Tudela (Valladolid) por ""indicios de criminalidad"" | Investigan la muerte de un hombre en un incendio en una vivienda unifamiliar de Valladolid",2026-04-06 11:37
2026-04-04 10:00:00+00:00,"Lotería Nacional: comprobar los resultados del sorteo de hoy, sábado 4 de abril - Diario AS","20minutos, elcorreo, elpais, google_news_es",4,6,0.548,54,"Lotería Nacional: comprobar los resultados del sorteo de hoy, sábado 4 de abril - Diario AS | Lotería Nacional en directo: comprobar los resultados del sorteo de hoy, sábado 4 de abril - Diario AS | Lotería Nacional: comprobar el sorteo del sábado 4 de abril | Lotería Nacional: comprobar el sorteo del sábado 4 de abril - EL PAÍS | La Lotería Nacional del sábado: comprobar resultados del 4 de abril",2026-04-06 11:37
2026-04-06 08:00:00+00:00,"Última hora de la guerra de Estados Unidos e Israel contra Irán, en directo | Israel mata al jefe de inteligencia de la Guardia Revolucionaria de Irán en Teherán - EL PAÍS","elpais, google_news_es, google_news_internacional",3,3,0.729,54,"Última hora de la guerra de Estados Unidos e Israel contra Irán, en directo | Irán advierte de que no reabrirá el estrecho de Ormuz a cambio de una tregua temporal - EL PAÍS | Última hora de la guerra de Estados Unidos e Israel contra Irán, en directo | Israel mata al jefe de inteligencia de la Guardia Revolucionaria de Irán en Teherán - EL PAÍS | Última hora de la guerra de Estados Unidos e Israel contra Irán, en directo | Israel mata al jefe de inteligencia de la Guardia Revolucionaria de Irán en Teherán",2026-04-06 11:37
2026-04-04 10:00:00+00:00,"Guardiola abre la puerta a Rodri: ""Nadie puede rechazar al Real Madrid""","20minutos, google_news_es, levante_emv",3,3,0.695,52,"Guardiola abre la puerta a Rodri: ""Ningún jugador rechazaría jugar en el Real Madrid"" | Guardiola abre la puerta a Rodri: ""Nadie puede rechazar al Real Madrid"" | Guardiola abre la puerta a Rodri: ""Nadie puede rechazar al Real Madrid"" - Yahoo",2026-04-06 11:37
2026-04-04 02:00:00+00:00,La influencia rusa enturbia las elecciones en Hungría,"elpais_internacional, google_news_es, google_news_internacional",3,6,0.663,49,La influencia del Kremlin enturbia las elecciones en Hungría | La influencia del Kremlin enturbia las elecciones en Hungría - elpais.com | La influencia del Kremlin enturbia las elecciones en Hungría - EL PAÍS | La influencia rusa enturbia las elecciones en Hungría | La influencia rusa enturbia las elecciones en Hungría - EL PAÍS,2026-04-06 11:37
2026-04-04 12:00:00+00:00,"LaLiga: Mallorca - Real Madrid, en directo","elcorreo, elpais, google_news_es, levante_emv",4,4,0.485,48,"LaLiga: Mallorca - Real Madrid, en directo | Mallorca - Real Madrid en directo, el partido de LaLiga en vivo - EL PAÍS | Mallorca - Real Madrid en directo | Leo Román evita el primero del Madrid | Directo | Mallorca - Real Madrid",2026-04-06 11:37
2026-04-05 04:00:00+00:00,"Última hora de la guerra de Estados Unidos e Israel contra Irán, en directo | Trump anuncia el rescate del segundo piloto del caza derribado por Irán","elpais, google_news_internacional, lavanguardia",3,3,0.635,47,"Última hora de la guerra de Estados Unidos e Israel contra Irán, en directo | Trump anuncia el rescate del segundo piloto del caza derribado por Irán | Última hora de la guerra de Estados Unidos e Israel contra Irán, en directo | Trump anuncia el rescate del segundo piloto del caza derribado por Irán - EL PAÍS | Última hora de la guerra entre EE.UU. e Israel contra Irán, en directo | Trump asegura que este lunes puede llegar el acuerdo con Irán",2026-04-06 11:37
2026-04-06 08:00:00+00:00,Irán confirma la muerte del jefe de Inteligencia de la Guardia Revolucionaria en un ataque de EEUU e Israel,"elmundo, europapress, google_news_es, infolibre",4,6,0.479,47,"Muere el jefe de Inteligencia de la Guardia Revolucionaria en un ataque de EEUU e Israel | Irán confirma la muerte del jefe de Inteligencia de la Guardia Revolucionaria en un ataque de Israel - elDiario.es | Guerra en Irán, en directo | Muere el jefe de inteligencia de la Guardia Revolucionaria iraní - Expansión | Israel asegura haber matado al jefe de inteligencia de la Guardia Revolucionaria | Israel mata en un ataque al jefe de inteligencia de la Guardia Revolucionaria Mayid Jadamí",2026-04-06 11:37
2026-04-05 08:00:00+00:00,Trump anuncia el rescate del segundo piloto del caza derribado por Irán,"elpais, google_news_es, google_news_internacional",3,3,0.617,46,"Trump anuncia el rescate del segundo piloto del caza derribado por Irán | Trump anuncia el rescate del segundo piloto del caza derribado por Irán - EL PAÍS | Guerra en Irán, última hora en directo: Trump asegura haber rescatado ""sano y salvo"" al segundo piloto del caza derribado en Irán - El Periódico",2026-04-06 11:37
2026-04-04 08:00:00+00:00,"España, Alemania, Italia, Austria y Portugal piden a Bruselas un impuesto sobre los beneficios de las energ... - ABC","20minutos, europapress, google_news_economia",3,8,0.62,46,"España, Alemania, Austria y Portugal piden a Bruselas un impuesto a las energéticas por la guerra - es.ara.cat | España, Alemania, Italia, Austria y Portugal piden a la Comisión Europea un impuesto a energéticas por la guerra en Irán | España, Alemania, Italia, Austria y Portugal piden a la Comisión Europea un impuesto a energéticas por la guerra en Irán - Bolsamania | España, Alemania, Italia, Austria y Portugal piden a Bruselas un nuevo impuesto sobre los beneficios de las energéticas | España, Alemania, Italia, Austria y Portugal piden a Bruselas un impuesto a los beneficios de las energéticas - El HuffPost",2026-04-06 11:37
2026-04-04 08:00:00+00:00,Detenidos dos hermanos por violar a una mujer en un coche en el barrio de Malilla,"elconfidencial, europapress, lavanguardia",3,4,0.606,45,Detenidos dos hermanos por violar a una mujer en un coche en un descampado de València | En libertad sin cargos los hermanos detenidos por violar a una mujer en un coche en València | Detenidos dos hermanos por violar a una mujer en un coche en el barrio de Malilla (Valencia) | Detenidos dos hermanos por violar a una mujer en un coche en el barrio de Malilla,2026-04-06 11:37
2026-04-04 20:00:00+00:00,El Barça da un golpe a la Liga en el Metropolitano,"elcorreo, elpais, lavanguardia",3,3,0.604,45,El Barça da un golpe a la Liga en el Metropolitano | El Barça da un golpe de rebote a la Liga | El Barça da un golpe a la Liga tras ganar al Atlético en el Metropolitano,2026-04-06 11:37
2026-04-04 10:00:00+00:00,Feijóo desvela que habló con Abascal tras las elecciones de Castilla y León: «No podemos defraudar a la gente»,"google_news_politica, huffington_es, okdiario",3,5,0.571,42,"Feijóo desvela que habló con Abascal tras las elecciones de Castilla y León - The Objective | Feijóo desvela que habló con Abascal tras las elecciones de Castilla y León - theobjective.com | Feijóo desvela que habló con Abascal tras las elecciones de Castilla y León: «No podemos defraudar a la gente» | Feijóo habla con Abascal tras las elecciones de Castilla y León: ""No podemos defraudar a la gente"" - antena3.com | Feijóo revela ahora que habló con Abascal tras las elecciones de Castilla y León: &quot;El resultado de las urnas es inapelable&quot;",2026-04-06 11:37
2026-04-05 14:00:00+00:00,El abrazo entre el Rey Juan Carlos y Victoria Federica a su llegada a Sevilla,"20minutos, google_news_es, levante_emv",3,3,0.533,39,"El abrazo entre el Rey Juan Carlos y Victoria Federica a su llegada a Sevilla | El rey Juan Carlos, en Sevilla, con sus nietos Felipe Juan Froilán y Victoria Federica | Un paso más: Victoria Federica presenta a su nuevo novio a su abuelo, el Rey Juan Carlos I - La Razón",2026-04-06 11:37
2026-04-06 06:00:00+00:00,España supera por primera vez la barrera de los 22 millones de ocupados - lavozdegalicia.es,"elcorreo, google_news_economia, google_news_es",3,5,0.508,38,España supera por primera vez la barrera de los 22 millones de ocupados - lavozdegalicia.es | Gráficos | España supera por primera vez los 22 millones de ocupados - Atlántico | España cruza por primera vez la barrera de los 22 millones de ocupados | España cruza por primera vez la barrera de los 22 millones de ocupados - Hoy | España supera por primera vez en la historia los 22 millones de afiliados - RTVE.es,2026-04-06 11:37
2026-04-03 14:00:00+00:00,Sigue en directo la última hora de la guerra en Oriente Medio | Irán derriba un caza estadounidense sobre su territorio,"elcorreo, infolibre, sur",3,3,0.515,38,Sigue en directo la última hora de la guerra en Oriente Medio | Irán derriba un caza estadounidense sobre su territorio | Irán derriba un caza estadounidense en su territorio | Sigue en directo la última hora de la guerra en Oriente Medio | Irán busca al piloto de un caza estadounidense derribado en su territorio,2026-04-06 11:37
2026-04-05 14:00:00+00:00,Rafa Jódar logra brillantemente en Marrakech su primer título ATP - FTM,"google_news_es, lavanguardia, okdiario",3,3,0.513,38,Rafa Jódar logra brillantemente en Marrakech su primer título ATP - FTM | Tenemos que memorizar otro nombre: Rafa Jódar gana su primer título en Marrakech | Rafa Jódar ya está aquí: conquista Marrakech y logra su primer título profesional,2026-04-06 11:37
2026-04-05 04:00:00+00:00,"Guerra en Irán, última hora en directo: EEUU rescata 'sano y salvo' al segundo piloto del caza derribado en Irán - El Periódico","google_news_internacional, lavanguardia, okdiario",3,4,0.495,37,"El Ejército de EEUU rescata con vida al segundo piloto del caza derribado por Irán | Guerra en Irán, última hora en directo: EEUU rescata 'sano y salvo' al segundo piloto del caza derribado en Irán - El Periódico | Guerra en Irán, última hora en directo: EEUU rescata ""sano y salvo"" al segundo piloto del caza derribado en Irán - El Periódico | EE.UU. dice que ha rescatado con vida al segundo piloto del caza F-15 derribado en Irán",2026-04-06 11:37
2026-04-06 06:00:00+00:00,El paro baja en 22.934 personas en marzo y España alcanza por primera vez los 22 millones de afiliados - Bolsamania,"expansion, google_news_economia, huffington_es",3,3,0.495,37,"El paro baja en marzo en 22.934 personas por la contratación para Semana Santa | El paro baja en 22.934 personas en marzo y España alcanza por primera vez los 22 millones de afiliados - Bolsamania | El paro baja en 22.934 personas en marzo, el mejor dato en 18 años, y ya son 22 los millones de afiliados",2026-04-06 11:37
2026-04-04 10:00:00+00:00,España pide a la Comisión Europea un impuesto a energéticas por la guerra en Irán - lasprovincias.es,"expansion, google_news_economia, infolibre",3,8,0.491,36,España y otros cuatro países piden a la Comisión Europea un impuesto a energéticas por la guerra en Irán - PressDigital | España pide a la Comisión Europea un impuesto a energéticas por la guerra en Irán - ABC | España pide a la Comisión Europea un impuesto a energéticas por la guerra en Irán - abc.es | España pide a la Comisión Europea un impuesto a energéticas por la guerra en Irán - Las Provincias | España pide a la Comisión Europea un impuesto a energéticas por la guerra en Irán - lasprovincias.es,2026-04-06 11:37
2026-04-04 08:00:00+00:00,"Aitana se confiesa ante Rosalía y miles de espectadores: ""Sebastián Yatra me dijo que podía ser infiel""","elcorreo, google_news_es, heraldo_aragon",3,3,0.487,36,"Aitana se confiesa ante Rosalía y miles de espectadores: ""Sebastián Yatra me dijo que podía ser infiel"" | Aitana se confiesa ante Rosalía -y miles de espectadores- sobre su relación con Sebastián Yatra - La Razón | Aitana se confiesa con Rosalía sobre su ruptura con Sebastián Yatra: «Me dijo que al año podría ser infiel»",2026-04-06 11:37
2026-04-05 16:00:00+00:00,Ovación al rey Juan Carlos en la Maestranza de Sevilla,"20minutos, lavanguardia, levante_emv",3,3,0.473,35,Ovación al rey Juan Carlos en la Maestranza de Sevilla | Sevilla brinda al rey Juan Carlos ovación y “vuelta al ruedo” en la Maestranza | Ovación al rey Juan Carlos en su visita a la Maestranza de Sevilla para ver a Morante de la Puebla,2026-04-06 11:37
2026-04-06 04:00:00+00:00,"Última hora de la guerra de Estados Unidos e Israel contra Irán, en directo | Al menos 17 muertos en Irán tras los nuevos ataques de EE UU e Israel","elpais, google_news_es, google_news_internacional",3,3,0.478,35,"Última hora de la guerra de Estados Unidos e Israel contra Irán, en directo | Al menos 17 muertos en Irán tras los nuevos ataques de EE UU e Israel | Última hora de la guerra de Estados Unidos e Israel contra Irán, en directo | - EL PAÍS | Guerra en Irán, última hora hoy, en directo | Nuevos ataques de EEUU e Israel dejan al menos 17 muertos en Irán - El Mundo",2026-04-06 11:37
2026-04-06 08:00:00+00:00,Empieza la declaración de la renta y estas son las claves de Hacienda para la campaña 2025/2026,"el_confidencial_economia, huffington_es, sur",3,3,0.451,33,Empieza la declaración de la renta y estas son las claves de Hacienda para la campaña 2025/2026 | Hacienda lo confirma: quiénes están obligados a presentar la Declaración de la Renta 2025-2026 | Las fechas clave para no perderse en la declaración de la Renta: la campaña arranca esta semana,2026-04-06 11:37
2026-04-03 18:00:00+00:00,Cuponazo de la ONCE: comprobar sorteo del viernes 3 de abril,"elcorreo, elpais, google_news_es",3,4,0.422,31,Cuponazo de la ONCE: comprobar sorteo del viernes 3 de abril | Bonoloto: comprobar el sorteo del viernes 3 de abril - EL PAÍS | Bonoloto: comprobar el sorteo del viernes 3 de abril - elpais.com | El Cuponazo de la ONCE del viernes: comprobar resultados del 3 de abril,2026-04-06 11:37
2026-04-04 14:00:00+00:00,"Trump vuelve a amenazar a Irán: ""Quedan 48 horas para que se desate el infierno""","elespanol, heraldo_aragon, infolibre",3,3,0.418,31,"Trump vuelve a amenazar a Irán: ""Quedan 48 horas para que se desate el infierno"" | Trump vuelve a amenazar a Irán: le da 48 horas para reabrir el estrecho de Ormuz ""o desatará el infierno sobre ellos"" | ""Quedan 48 horas para que desate el infierno sobre Irán""",2026-04-06 11:37
